PDB_code,Ligand_ID,Chain
6AAR,9TF,
6MFN,IPH,
5TMT,7FJ,
4Q1R,2XU,
2E2R,2OH,
6U0K,DTQ,
6L24,E3U,
5AUX,KMP,
5OWE,B0E,
5TOA,EST,
3FTS,STL,
7H9P,HX8,
3L5R,47X,
2YE4,2FY,
4GQR,MYC,
6NFO,KKM,
6TYH,IPH,
2YJW,YJW,
6TMQ,NMW,
6QCN,QUE,
3KQY,ES0,
4RBL,3O7,
3HWE,RKS,
5JIQ,27M,
3CKL,STL,
4EH3,NAR,
1LJT,HDI,
5AUU,LU2,
1QIY,IPH,
4Z4C,IPH,
4TV1,36M,
2QA8,GEN,
5AV4,GEN,
7GSE,T1J,
5BTR,STL,
2P7G,2OH,
6NWV,CRS,
5E0W,5KE,
5OPS,A3Q,
3W51,AJ2,
5E0X,5KD,
5F6U,5VK,
3KXZ,925,
4K7O,EKZ,
3BHV,VAR,
1U3Q,272,
5M8Q,KOJ,
2YDX,STL,
3W4I,8LG,
4E3H,HQE,
5QFV,JK7,
6I65,H3Z,
7G0L,WKN,
6PG3,OHJ,
6ELN,P4A,
4GPJ,0Q1,
6GMR,F4K,
3KPU,ES1,
7KAC,W9D,
5PAE,7YA,
2ZI3,3D1,
2HCK,QUE,
6WV3,SWF,
5BX1,4XA,
4N7J,2GQ,
5AND,5JE,
5R53,RYG,
5NHV,8QB,
6C7R,EO4,
3GOY,3AB,
4R7L,SHH,
4DVI,2IW,
6GLI,F3E,
5C27,50J,
5QS6,K0G,
5WMX,ZCW,
5FPD,PZA,
7MLK,ZHY,
4AJF,F03,
6GI6,EZB,
1PD9,CO4,
1U71,MXA,
6PYS,P5J,
6XV6,NCA,
1L5R,RBF,
6K9H,D40,
4L7U,1VC,
5LVN,ADN,
2WTC,VGM,
2UZ9,XAN,
1PWY,AC2,
1GII,1PU,
4X2G,3WK,
5F37,N5J,
2XOC,ADE,
1ULB,GUN,
5FCW,5YA,
4C3F,7KW,
6W07,S9A,
5O5E,9LH,
4H2F,ADN,
7JXX,VP7,
1Q3F,URA,
6QG4,J0E,
5TJX,GBT,
3RTH,RTH,
3W3J,C09,
6LIM,EE9,
2NSI,H4B,
3KZZ,OBG,
5S78,XGV,
6TTV,NWW,
4QC0,XG1,
6T01,M4B,
6JVR,CJU,
5IXB,LGA,
3KPW,1SQ,
6ULJ,QAA,
7BD3,TE5,
4L34,1VG,
4WNO,3RF,
5TDF,ADE,
3FTZ,848,
5AKY,6NJ,
5S8H,D4V,
3V8S,0HD,
3W3M,RX8,
5QHP,GQM,
6N7D,KF4,
5U62,7WD,
5FPE,3TR,
7FYU,UUX,
5HKM,61Y,
6FYO,EAQ,
5AQZ,SGV,
7MTA,SGV,
6GVG,FCZ,
5O2B,KS1,
6R8Q,JV5,
2WMU,ZYU,
6VNK,RXT,
7CIL,FZR,
5QEK,ES7,
4QP3,36Q,
4BDB,ODO,
6LZB,EYF,
5LU9,3Y7,
4PUZ,CG9,
5RW3,WLY,
5NWC,9CE,
5LGR,QVR,
4A2J,AS0,
3BQC,EMO,
4ACT,FT0,
1XMY,ROL,
3VQU,O22,
4GV2,5ME,
5ZTN,CUR,
6I11,H0H,
4LLK,MEW,
5PHA,MEW,
4QSX,38S,
4W5I,3GX,
5FPB,HA6,
3JSI,WTC,
4X6Y,S94,
5NOR,93Q,
4OTQ,2V2,
5SFJ,IKZ,
1SEU,SA3,
4PCI,2NJ,
4BI0,Z0W,
5UNJ,RJW,
6SC8,L6E,
5RK3,UVV,
6SGH,LCW,
1CRA,TRI,
5URC,FUX,
6SGK,LCQ,
2FNN,4MZ,
6XVA,O2K,
2QLU,ADE,
4LR6,1XA,
1ZKL,IBM,
1RKP,IBM,
3A7E,DNC,
4KBN,25U,
7D8E,GYO,
5NRW,96N,
6GLQ,BU8,
2XEZ,XEZ,
5QHS,GQV,
6SZ1,M0W,
1O9U,ADZ,
4HEW,2MZ,
5SDZ,IB7,
5EK3,5PK,
4FTC,H6K,
5AOK,GOH,
5SFU,IQ3,
5SHC,JDU,
3QCX,3Q2,
7H9X,A1AXD,
6JVN,CJ0,
7G93,VW7,
5ETB,5RO,
4BUY,F37,
7L9X,XQV,
5PO3,8SG,
4F7S,0SW,
4FTQ,4HK,
4YO6,4GD,
5AM2,KUF,
5CCS,C4Y,
2IRW,NN4,
5DKE,5C8,
3GCV,SS6,
2EVA,ADN,
4FCP,42C,
4CUR,LA7,
1TYL,TYL,
6LPL,ZMA,
4PWK,PWK,
5QRF,NUA,
5R57,S0P,
5HRV,64C,
6QDZ,HYK,
6HDR,CC9,
5LM4,6Z6,
7AWP,6Z6,
2C3K,ABO,
3NHY,A7B,
3NHS,MZX,
2WZ0,ZZT,
6VN4,R4D,
2GPP,1BA,
3LDP,3P1,
2IO6,330,
6N8Y,KFY,
4N9B,2HH,
6S9C,L1K,
7BDB,NW7,
5UCI,874,
5NU5,99E,
5R4R,RWA,
4EH3,IRG,
2KQD,ADN,
1D6N,PPO,
7LMN,NY3,
5ZTY,9JU,
3E8R,615,
5C2H,4PX,
3EML,ZMA,
5K2C,ZMA,
5MVS,ADN,
5L5S,39V,
6RA1,JVQ,
5RKK,K0P,
5UHO,OAN,
6IC0,HAK,
5SFF,IKH,
5SIZ,JWC,
6Z59,Q98,
5RWD,NUJ,
5L8U,6RS,
5SDW,IAL,
6LZZ,EZU,
7HHO,A1H9U,
4I5C,C5I,
6LJM,MCM,
4NYX,2O4,
1A52,EST,
